09-Feb-2022 06:09:00,43350.5,43284.5,43295,2699105
09-Feb-2022 06:11:00,43260.5,43235,43235.5,374267
09-Feb-2022 06:10:00,43295,43243.5,43260.5,2473217
09-Feb-2022 06:12:00,43266,43235,43258,529907
09-Feb-2022 06:13:00,43258.5,43240,43240.5,682198
09-Feb-2022 06:14:00,43272,43240,43266,1130914
09-Feb-2022 06:15:00,43266,43261,43261.5,140651
09-Feb-2022 06:16:00,43326,43259.5,43305.5,1468916
09-Feb-2022 06:17:00,43305.5,43267,43267.5,272015
09-Feb-2022 06:18:00,43267.5,43222,43222.5,3126202
09-Feb-2022 06:19:00,43222.5,43172,43172.5,3409973
09-Feb-2022 06:20:00,43201.5,43172,43191.5,870795
09-Feb-2022 06:22:00,43202.5,43141.5,43202.5,1427326
09-Feb-2022 06:23:00,43299,43202.5,43287,1667849
09-Feb-2022 06:21:00,43202.5,43191.5,43202.5,462926
09-Feb-2022 06:24:00,43320,43286.5,43319.5,1349824
09-Feb-2022 06:25:00,43320,43319.5,43319.5,255134
09-Feb-2022 06:26:00,43341.5,43319.5,43341.5,567983
09-Feb-2022 06:27:00,43341.5,43319.5,43319.5,500876
09-Feb-2022 06:28:00,43364,43319.5,43363,660248
09-Feb-2022 06:29:00,43363,43319.5,43339.5,356225
09-Feb-2022 06:30:00,43350,43339.5,43350,302524
09-Feb-2022 06:31:00,43393.5,43349.5,43385,1443772
09-Feb-2022 06:32:00,43411,43385,43411,607480
09-Feb-2022 06:33:00,43438,43410.5,43421,3630999
09-Feb-2022 06:34:00,43445,43410.5,43445,1254281
09-Feb-2022 06:35:00,43452,43444.5,43452,1591953
09-Feb-2022 06:36:00,43452,43449.5,43449.5,379695
09-Feb-2022 06:37:00,43474.5,43449.5,43474.5,672493
09-Feb-2022 06:38:00,43507.5,43474.5,43507.5,473038
09-Feb-2022 06:39:00,43507.5,43507,43507.5,449477
09-Feb-2022 06:40:00,43511,43505,43511,1845057
09-Feb-2022 06:41:00,43511,43487,43487.5,294697
09-Feb-2022 06:42:00,43490,43487,43489.5,90488
09-Feb-2022 06:43:00,43588,43489.5,43587.5,3460912
09-Feb-2022 06:44:00,43728,43587.5,43702.5,5714156
09-Feb-2022 06:45:00,43760,43702.5,43738,3162503
09-Feb-2022 06:46:00,43738.5,43715.5,43720,1518676
09-Feb-2022 06:47:00,43720.5,43677,43677.5,1106651
09-Feb-2022 06:48:00,43700,43677,43677,1092214
09-Feb-2022 06:49:00,43677.5,43613,43613.5,2491971
09-Feb-2022 06:50:00,43683.5,43613,43683.5,878719
09-Feb-2022 06:51:00,43683.5,43642.5,43642.5,1061481
09-Feb-2022 06:52:00,43643,43617,43617,415388
09-Feb-2022 06:53:00,43666,43613,43666,1218780
09-Feb-2022 06:54:00,43666,43627.5,43666,313491
09-Feb-2022 06:55:00,43666,43665.5,43666,72376
09-Feb-2022 06:56:00,43666,43665.5,43665.5,158507
09-Feb-2022 06:57:00,43672,43644.5,43672,1682610
09-Feb-2022 06:58:00,43680.5,43638,43638,769794
09-Feb-2022 06:59:00,43638,43613,43633,346102
09-Feb-2022 07:00:00,43633,43605.5,43605.5,266765
09-Feb-2022 07:01:00,43606,43571,43589.5,1343209
09-Feb-2022 07:02:00,43626,43589.5,43625.5,403324
09-Feb-2022 07:03:00,43695,43625.5,43694.5,1448311
09-Feb-2022 07:04:00,43695,43676.5,43685,345746
09-Feb-2022 07:05:00,43685,43655,43655.5,248001
09-Feb-2022 07:06:00,43655.5,43655,43655.5,163467
09-Feb-2022 07:07:00,43655.5,43635.5,43643.5,261090
09-Feb-2022 07:08:00,43655.5,43643.5,43655.5,416132
09-Feb-2022 07:09:00,43655.5,43655,43655,49263
09-Feb-2022 07:10:00,43669,43655,43668.5,265356
09-Feb-2022 07:11:00,43669,43658,43658.5,166127
09-Feb-2022 07:12:00,43658.5,43610,43610.5,336982
09-Feb-2022 07:13:00,43636,43610,43636,305470
09-Feb-2022 07:14:00,43650,43635,43635,341516
09-Feb-2022 07:15:00,43635.5,43635,43635,201910
09-Feb-2022 07:16:00,43641,43635,43641,292011
09-Feb-2022 07:17:00,43667.5,43640.5,43667.5,267803
09-Feb-2022 07:18:00,43688.5,43667,43688.5,469201
09-Feb-2022 07:19:00,43700,43688,43690,637235
09-Feb-2022 07:20:00,43690.5,43690,43690,64879
09-Feb-2022 07:21:00,43725,43690,43724.5,802833
09-Feb-2022 07:22:00,43725,43718,43718,183200
09-Feb-2022 07:23:00,43726.5,43718,43726,400321
09-Feb-2022 07:24:00,43731,43726,43731,131274
09-Feb-2022 07:25:00,43731,43730.5,43730.5,141640
09-Feb-2022 07:26:00,43731,43730.5,43731,225679
09-Feb-2022 07:27:00,43749,43730,43730,940635
09-Feb-2022 07:28:00,43730.5,43708.5,43709,249794
09-Feb-2022 07:29:00,43709,43708.5,43709,48699
09-Feb-2022 07:30:00,43709,43670,43698,427360
09-Feb-2022 07:31:00,43698.5,43682.5,43696,239124
09-Feb-2022 07:32:00,43701.5,43681,43701.5,211286
09-Feb-2022 07:33:00,43713.5,43701,43713,70774
09-Feb-2022 07:34:00,43713.5,43701,43711.5,77568
09-Feb-2022 07:35:00,43712,43711.5,43712,59640
09-Feb-2022 07:36:00,43712,43694.5,43694.5,547598
09-Feb-2022 07:37:00,43695,43694.5,43694.5,50036
09-Feb-2022 07:38:00,43696.5,43694.5,43695,324985
09-Feb-2022 07:39:00,43700,43694.5,43699.5,113574
09-Feb-2022 07:40:00,43710,43699.5,43710,49752
09-Feb-2022 07:41:00,43710,43709.5,43709.5,126885
09-Feb-2022 07:42:00,43730,43709.5,43722,223059
09-Feb-2022 07:43:00,43799.5,43721.5,43799.5,1787886
09-Feb-2022 07:44:00,43800,43780,43780,1087994
09-Feb-2022 07:45:00,43850,43780,43830.5,2544774
09-Feb-2022 07:46:00,43830.5,43780,43780.5,794588
09-Feb-2022 07:47:00,43781.5,43780,43781.5,138307
09-Feb-2022 07:48:00,43790,43781,43789.5,321154
09-Feb-2022 07:49:00,43790,43781,43781.5,330575
09-Feb-2022 07:50:00,43781.5,43751,43751.5,318968
09-Feb-2022 07:51:00,43751.5,43735,43748.5,1143361
09-Feb-2022 07:52:00,43749,43748.5,43748.5,75963
09-Feb-2022 07:53:00,43773.5,43748.5,43773,508769
09-Feb-2022 07:54:00,43773.5,43754,43758.5,288200
09-Feb-2022 07:55:00,43759,43758.5,43758.5,56014
09-Feb-2022 07:56:00,43759,43750,43750.5,60295
09-Feb-2022 07:57:00,43750.5,43712,43712.5,366544
09-Feb-2022 07:58:00,43720,43712,43720,281519
09-Feb-2022 07:59:00,43733.5,43719.5,43733,113668
09-Feb-2022 08:00:00,43753,43733,43753,413900
09-Feb-2022 08:01:00,43773.5,43752.5,43762,262383
09-Feb-2022 08:02:00,43762,43707.5,43708,423813
09-Feb-2022 08:03:00,43708,43695,43695.5,1087824
09-Feb-2022 08:04:00,43695.5,43691.5,43692,258233
09-Feb-2022 08:05:00,43692,43686.5,43687,352997
09-Feb-2022 08:06:00,43687,43686.5,43686.5,787213
09-Feb-2022 08:07:00,43687,43686.5,43687,110176
09-Feb-2022 08:08:00,43687,43686.5,43686.5,42760
09-Feb-2022 08:09:00,43687,43682.5,43683,1070423
09-Feb-2022 08:10:00,43683,43682.5,43683,141371
09-Feb-2022 08:11:00,43711,43682.5,43710.5,566990
09-Feb-2022 08:12:00,43720.5,43710.5,43717.5,484308
09-Feb-2022 08:13:00,43730.5,43717.5,43730,59028
09-Feb-2022 08:14:00,43746.5,43730,43740.5,140092
09-Feb-2022 08:15:00,43741,43712.5,43712.5,138658
09-Feb-2022 08:16:00,43713,43701.5,43710,100792
09-Feb-2022 08:17:00,43710,43681.5,43682,324792
09-Feb-2022 08:18:00,43682,43679.5,43680,225824
09-Feb-2022 08:19:00,43680,43631.5,43631.5,1031385
09-Feb-2022 08:20:00,43639,43630,43638.5,507453
09-Feb-2022 08:21:00,43639,43574.5,43575,1063342
09-Feb-2022 08:22:00,43575,43512,43538.5,5118269
09-Feb-2022 08:23:00,43563.5,43538.5,43563,1578456
09-Feb-2022 08:24:00,43563,43543,43543,211768
09-Feb-2022 08:25:00,43543.5,43543,43543,148507
09-Feb-2022 08:26:00,43543.5,43537,43537.5,201161
09-Feb-2022 08:27:00,43590,43537,43564.5,1808942
09-Feb-2022 08:28:00,43590,43552,43552.5,404900
09-Feb-2022 08:29:00,43570,43552,43556.5,309350
09-Feb-2022 08:30:00,43556.5,43556,43556,173497
09-Feb-2022 08:31:00,43556.5,43527.5,43527.5,361041
09-Feb-2022 08:32:00,43527.5,43474,43474,1662037
09-Feb-2022 08:33:00,43474.5,43446.5,43456,1834027
09-Feb-2022 08:34:00,43469.5,43456,43469.5,583837
09-Feb-2022 08:35:00,43469.5,43454.5,43454.5,545341
09-Feb-2022 08:36:00,43469.5,43445.5,43469,1212425
09-Feb-2022 08:37:00,43518,43469,43510.5,370158
09-Feb-2022 08:38:00,43510.5,43495,43495,386425
09-Feb-2022 08:39:00,43495.5,43494,43494,148847
09-Feb-2022 08:40:00,43538.5,43494,43538.5,1358379
09-Feb-2022 08:41:00,43538.5,43532.5,43533,164145
09-Feb-2022 08:42:00,43533,43511.5,43511.5,127189
09-Feb-2022 08:43:00,43527.5,43493.5,43527,364191
09-Feb-2022 08:44:00,43527.5,43510.5,43511,475014
09-Feb-2022 08:45:00,43558.5,43510.5,43553.5,724133
09-Feb-2022 08:46:00,43560,43553,43560,158970
09-Feb-2022 08:47:00,43621.5,43559.5,43575,1204468
09-Feb-2022 08:48:00,43575,43574.5,43575,95608
09-Feb-2022 08:49:00,43575,43574.5,43574.5,63519
09-Feb-2022 08:50:00,43575,43547.5,43575,893898
09-Feb-2022 08:51:00,43575,43574.5,43574.5,46845
09-Feb-2022 08:52:00,43575,43574.5,43574.5,234851
09-Feb-2022 08:53:00,43580,43574.5,43579.5,1059233
09-Feb-2022 08:54:00,43646,43579.5,43646,3066533
09-Feb-2022 08:55:00,43681,43646,43680.5,2476540
09-Feb-2022 08:56:00,43773,43680.5,43772.5,2637289
09-Feb-2022 08:57:00,43817,43772.5,43817,2034093
09-Feb-2022 08:58:00,43826.5,43816.5,43826.5,1457290
09-Feb-2022 08:59:00,43968,43822,43822.5,7553266
09-Feb-2022 09:00:00,43870.5,43822,43870.5,2827745
09-Feb-2022 09:01:00,43900,43870,43899.5,2115598
09-Feb-2022 09:02:00,43957,43899.5,43957,3420575
09-Feb-2022 09:03:00,43969,43905,43905,4965804
09-Feb-2022 09:04:00,43905.5,43810.5,43811,5338419
09-Feb-2022 09:05:00,43811.5,43771,43771.5,1820187
09-Feb-2022 09:06:00,43826.5,43771,43784,765403
09-Feb-2022 09:07:00,43784.5,43771.5,43771.5,333928
09-Feb-2022 09:08:00,43772,43770,43770,671030
09-Feb-2022 09:09:00,43810,43770,43770.5,657992
09-Feb-2022 09:10:00,43770.5,43755,43755.5,576933
09-Feb-2022 09:11:00,43755.5,43746.5,43747,327040
09-Feb-2022 09:12:00,43747,43725,43725,1572928
09-Feb-2022 09:13:00,43743.5,43725,43743,757148
09-Feb-2022 09:14:00,43743.5,43743,43743,292237
09-Feb-2022 09:15:00,43755,43742,43754.5,3226101
09-Feb-2022 09:16:00,43775,43688.5,43697,2071626
09-Feb-2022 09:17:00,43697.5,43545.5,43545.5,3634610
09-Feb-2022 09:18:00,43572,43493,43517.5,2370445
09-Feb-2022 09:19:00,43531,43461,43480,2547409
09-Feb-2022 09:20:00,43523,43458,43474,2234301
09-Feb-2022 09:21:00,43476.5,43452,43476.5,1083612
09-Feb-2022 09:22:00,43494.5,43363,43363,10044335
09-Feb-2022 09:23:00,43374.5,43350,43350,1868503
09-Feb-2022 09:24:00,43350.5,43250,43277.5,4527662
09-Feb-2022 09:25:00,43337,43277.5,43281.5,3398490
09-Feb-2022 09:26:00,43327.5,43276,43276,2046027
09-Feb-2022 09:27:00,43318,43275,43275.5,2160852
09-Feb-2022 09:28:00,43275.5,43271,43271.5,298987
09-Feb-2022 02:48:00,43970.5,43950,43967,509469
09-Feb-2022 02:49:00,43990.5,43967,43980.5,290937
09-Feb-2022 02:50:00,43980.5,43965,43980.5,1279086
09-Feb-2022 02:51:00,43980.5,43957.5,43957.5,134558
09-Feb-2022 02:52:00,43980,43957.5,43980,924236
09-Feb-2022 02:53:00,43980,43913,43925,2988310
09-Feb-2022 02:54:00,43944,43925,43925,516509
09-Feb-2022 02:55:00,43944,43925,43943.5,152693
09-Feb-2022 02:56:00,43944,43820,43881.5,7045609
09-Feb-2022 02:57:00,43903.5,43835,43863.5,1649924
09-Feb-2022 02:58:00,43863.5,43836.5,43853.5,968679
09-Feb-2022 02:59:00,43866,43842.5,43866,840870
09-Feb-2022 03:00:00,43896,43866,43895.5,908331
09-Feb-2022 03:01:00,43912,43895.5,43911.5,551223
09-Feb-2022 03:02:00,43911.5,43854,43854,1222800
09-Feb-2022 03:03:00,43854.5,43815,43815.5,2049653
09-Feb-2022 03:04:00,43838.5,43805,43805.5,1414103
09-Feb-2022 03:05:00,43805.5,43773.5,43774,1912393
09-Feb-2022 03:06:00,43774,43676,43681,7641948
09-Feb-2022 03:07:00,43714.5,43681,43685.5,852544
09-Feb-2022 03:08:00,43685.5,43600.5,43629,4902344
09-Feb-2022 03:09:00,43681,43622.5,43623,1422753
09-Feb-2022 03:10:00,43623.5,43565.5,43566,3349587
09-Feb-2022 03:11:00,43566,43522,43531.5,5626742
09-Feb-2022 03:12:00,43531.5,43415,43467,8478262
09-Feb-2022 03:13:00,43467,43434,43439,824746
09-Feb-2022 03:14:00,43470.5,43391,43391,3265335
09-Feb-2022 03:15:00,43458,43363.5,43458,2827203
09-Feb-2022 03:16:00,43458.5,43383,43398.5,2808732
09-Feb-2022 03:17:00,43433.5,43398.5,43401,1048516
09-Feb-2022 03:18:00,43401,43332,43369.5,2390325
09-Feb-2022 03:19:00,43374.5,43330.5,43363,1840545
09-Feb-2022 03:20:00,43432,43362.5,43397,1353250
09-Feb-2022 03:21:00,43413,43358.5,43359,1020749
09-Feb-2022 03:22:00,43359,43343,43343.5,396957
09-Feb-2022 03:23:00,43343.5,43305,43310.5,978106
09-Feb-2022 03:24:00,43343.5,43310,43343,505793
09-Feb-2022 03:25:00,43365,43331,43331.5,869569
09-Feb-2022 03:26:00,43348.5,43331,43348.5,429872
09-Feb-2022 03:27:00,43365,43348,43365,485332
09-Feb-2022 03:28:00,43365,43364.5,43365,118512
09-Feb-2022 03:29:00,43365,43333,43333.5,699441
09-Feb-2022 03:30:00,43333.5,43303.5,43308.5,977767
09-Feb-2022 03:31:00,43308.5,43288,43288.5,1652909
09-Feb-2022 03:32:00,43288.5,43288,43288.5,193613
09-Feb-2022 03:33:00,43330,43288,43300.5,2092844
09-Feb-2022 03:34:00,43300.5,43097.5,43172.5,10453056
09-Feb-2022 03:35:00,43234.5,43172,43226,2040426
09-Feb-2022 03:36:00,43226,43215.5,43225,713011
09-Feb-2022 03:37:00,43258,43224.5,43258,1317098
09-Feb-2022 03:38:00,43258,43254,43254.5,908791
09-Feb-2022 03:39:00,43254.5,43250,43250,132923
09-Feb-2022 03:40:00,43250.5,43250,43250.5,298558
09-Feb-2022 03:41:00,43258,43250,43257.5,443770
09-Feb-2022 03:42:00,43269,43257.5,43269,885707
09-Feb-2022 03:43:00,43269,43241,43254.5,2426433
09-Feb-2022 03:44:00,43261,43220,43220,361435
09-Feb-2022 03:45:00,43264.5,43220,43264.5,676697
09-Feb-2022 03:46:00,43286.5,43264,43286.5,1051382
09-Feb-2022 03:47:00,43286.5,43256,43256,464233
09-Feb-2022 03:48:00,43256.5,43256,43256.5,79647
09-Feb-2022 03:49:00,43272,43256,43272,308313
09-Feb-2022 03:50:00,43286.5,43271.5,43286.5,221466
09-Feb-2022 03:51:00,43311.5,43286,43308,2442667
09-Feb-2022 03:52:00,43308,43288,43289,502962
09-Feb-2022 03:53:00,43295,43289,43295,149560
09-Feb-2022 03:54:00,43313,43294.5,43313,716400
09-Feb-2022 03:55:00,43314,43313,43314,127867
09-Feb-2022 03:56:00,43338,43313.5,43337.5,2170597
09-Feb-2022 03:57:00,43341,43337.5,43340.5,1020210
09-Feb-2022 03:58:00,43341,43340.5,43341,142246
09-Feb-2022 03:59:00,43350,43340.5,43350,1582230
09-Feb-2022 04:00:00,43350,43349.5,43350,271218
09-Feb-2022 04:01:00,43351,43349.5,43351,281931
09-Feb-2022 04:02:00,43387,43350.5,43386.5,1411126
09-Feb-2022 04:03:00,43406,43386.5,43406,1243822
09-Feb-2022 04:04:00,43421.5,43401,43420.5,1041049
09-Feb-2022 04:05:00,43420.5,43420,43420,114047
09-Feb-2022 04:06:00,43420.5,43420,43420.5,250026
09-Feb-2022 04:07:00,43420.5,43420,43420,102449
09-Feb-2022 04:08:00,43420.5,43334,43334,1414080
09-Feb-2022 04:09:00,43337.5,43300,43301,2206533
09-Feb-2022 04:10:00,43320,43301,43320,410265
09-Feb-2022 04:11:00,43320,43319.5,43320,39053
09-Feb-2022 04:12:00,43320,43276,43289,658117
09-Feb-2022 04:13:00,43289.5,43272.5,43289,285213
09-Feb-2022 04:14:00,43306,43289,43305.5,228343
09-Feb-2022 04:15:00,43320,43305.5,43320,439648
09-Feb-2022 04:16:00,43341.5,43319.5,43341.5,332958
09-Feb-2022 04:17:00,43350,43341,43350,170637
09-Feb-2022 04:18:00,43356,43349.5,43355.5,369619
09-Feb-2022 04:19:00,43370.5,43355.5,43370,211966
09-Feb-2022 04:20:00,43370.5,43370,43370.5,114193
09-Feb-2022 04:21:00,43370.5,43368.5,43368.5,584510
09-Feb-2022 04:22:00,43369,43350.5,43366.5,303042
09-Feb-2022 04:23:00,43411,43366,43395,1486960
09-Feb-2022 04:24:00,43405,43394.5,43405,378704
09-Feb-2022 04:25:00,43411,43404.5,43409.5,276873
09-Feb-2022 04:26:00,43415,43409.5,43415,180593
09-Feb-2022 04:27:00,43431,43414.5,43431,971184
09-Feb-2022 04:28:00,43433,43431,43433,1131308
09-Feb-2022 04:29:00,43433,43432.5,43433,381719
09-Feb-2022 04:30:00,43450,43432.5,43450,1842282
09-Feb-2022 04:31:00,43460,43450,43452,1459008
09-Feb-2022 04:32:00,43466.5,43452,43466,336715
09-Feb-2022 04:33:00,43476,43466,43476,535312
09-Feb-2022 04:34:00,43476,43423,43423,1058803
09-Feb-2022 04:35:00,43423.5,43423,43423,152410
09-Feb-2022 04:36:00,43423.5,43388,43389,1129861
09-Feb-2022 04:37:00,43398,43389,43398,800855
09-Feb-2022 04:38:00,43417,43397.5,43417,207254
09-Feb-2022 04:39:00,43423.5,43416.5,43423,96972
09-Feb-2022 04:40:00,43434,43423,43434,36101
09-Feb-2022 04:41:00,43434,43433.5,43434,30413
09-Feb-2022 04:42:00,43434,43433.5,43433.5,72363
09-Feb-2022 04:43:00,43434,43433.5,43434,204699
09-Feb-2022 04:44:00,43434,43410,43410,359193
09-Feb-2022 04:45:00,43410,43348,43380.5,2064507
09-Feb-2022 04:46:00,43396.5,43380.5,43396,315739
09-Feb-2022 04:47:00,43410,43396,43410,52475
09-Feb-2022 04:48:00,43410,43400,43400,306375
09-Feb-2022 04:49:00,43400.5,43400,43400,117858
09-Feb-2022 04:50:00,43400.5,43400,43400,199369
09-Feb-2022 04:51:00,43400.5,43400,43400,347054
09-Feb-2022 04:52:00,43400.5,43380.5,43380.5,523319
09-Feb-2022 04:53:00,43381,43308.5,43314.5,554049
09-Feb-2022 04:54:00,43340,43314.5,43340,299187
09-Feb-2022 04:55:00,43360.5,43339.5,43349,483749
09-Feb-2022 04:56:00,43349.5,43340.5,43341,144965
09-Feb-2022 04:57:00,43345,43324.5,43345,428253
09-Feb-2022 04:58:00,43345,43344.5,43345,24537
09-Feb-2022 04:59:00,43345,43344.5,43344.5,17626
09-Feb-2022 05:00:00,43355,43344.5,43354.5,272253
09-Feb-2022 05:01:00,43360,43336,43344.5,784464
09-Feb-2022 05:02:00,43344.5,43333,43333,314032
09-Feb-2022 05:03:00,43349.5,43333,43349.5,751767
09-Feb-2022 05:04:00,43394,43349.5,43394,1179389
09-Feb-2022 05:05:00,43428,43393.5,43427.5,716749
09-Feb-2022 05:06:00,43444.5,43427.5,43444.5,338476
09-Feb-2022 05:07:00,43444.5,43444,43444,141223
09-Feb-2022 05:08:00,43444.5,43444,43444.5,193257
09-Feb-2022 05:09:00,43476,43444,43476,313959
09-Feb-2022 05:10:00,43488,43459,43459.5,2463398
09-Feb-2022 05:11:00,43460,43459,43460,509889
09-Feb-2022 05:12:00,43460,43432.5,43433,2570733
09-Feb-2022 05:13:00,43488.5,43432.5,43488.5,299764
09-Feb-2022 05:14:00,43490,43476,43490,330260
09-Feb-2022 05:15:00,43525.5,43489.5,43525,1551792
09-Feb-2022 05:16:00,43531,43525,43531,319873
09-Feb-2022 05:17:00,43531,43525,43525,421679
09-Feb-2022 05:18:00,43525.5,43525,43525,343839
09-Feb-2022 05:19:00,43525.5,43496.5,43496.5,533341
09-Feb-2022 05:20:00,43497,43496.5,43497,317575
09-Feb-2022 05:21:00,43497,43463,43490.5,1003835
09-Feb-2022 05:22:00,43490.5,43485,43485,11224
09-Feb-2022 05:23:00,43485.5,43485,43485.5,23102
09-Feb-2022 05:24:00,43485.5,43485,43485.5,12573
09-Feb-2022 05:25:00,43485.5,43470,43481,325419
09-Feb-2022 05:26:00,43488,43481,43488,116299
09-Feb-2022 05:27:00,43497,43488,43497,266991
09-Feb-2022 05:28:00,43497,43496.5,43497,34939
09-Feb-2022 05:29:00,43497,43477.5,43477.5,120797
09-Feb-2022 05:30:00,43496,43477.5,43496,92271
09-Feb-2022 05:31:00,43496,43484,43484.5,162720
09-Feb-2022 05:32:00,43484.5,43457.5,43457.5,446746
09-Feb-2022 05:33:00,43457.5,43434,43436.5,775388
09-Feb-2022 05:34:00,43437,43435,43435,133545
09-Feb-2022 05:35:00,43452,43435,43451.5,85731
09-Feb-2022 05:36:00,43472,43451.5,43460.5,155761
09-Feb-2022 05:37:00,43467,43460,43466.5,108818
09-Feb-2022 05:38:00,43475,43466.5,43474.5,119099
09-Feb-2022 05:39:00,43500,43474.5,43499.5,109568
09-Feb-2022 05:40:00,43530,43499.5,43524.5,637059
09-Feb-2022 05:41:00,43525,43494,43494.5,717597
09-Feb-2022 05:42:00,43494.5,43494,43494.5,11495
09-Feb-2022 05:43:00,43494.5,43494,43494.5,50895
09-Feb-2022 05:44:00,43494.5,43475.5,43475.5,359127
09-Feb-2022 05:45:00,43494,43475.5,43494,50010
09-Feb-2022 05:46:00,43494,43493.5,43493.5,4460
09-Feb-2022 05:47:00,43494,43493.5,43494,23966
09-Feb-2022 05:48:00,43521,43493.5,43521,181156
09-Feb-2022 05:49:00,43555,43520.5,43555,539940
09-Feb-2022 05:50:00,43555,43554.5,43554.5,139164
09-Feb-2022 05:51:00,43561,43554.5,43555,699739
09-Feb-2022 05:52:00,43566,43522.5,43530.5,492083
09-Feb-2022 05:53:00,43563,43530,43548.5,883800
09-Feb-2022 05:54:00,43548.5,43522.5,43525,308634
09-Feb-2022 05:55:00,43537,43524.5,43536.5,168680
09-Feb-2022 05:56:00,43537,43524.5,43524.5,146475
09-Feb-2022 05:57:00,43525,43508,43508,478436
09-Feb-2022 05:58:00,43508.5,43481.5,43482,395444
09-Feb-2022 05:59:00,43485,43470,43470.5,344469
09-Feb-2022 06:00:00,43504,43470,43504,944552
09-Feb-2022 06:01:00,43504,43503.5,43504,331077
09-Feb-2022 06:02:00,43504,43434,43434.5,1117981
09-Feb-2022 06:03:00,43434.5,43358,43361,1857363
09-Feb-2022 06:04:00,43378.5,43315,43378,2302325
09-Feb-2022 06:05:00,43391,43349.5,43350,519295
09-Feb-2022 06:06:00,43374.5,43349.5,43369,133259
09-Feb-2022 06:07:00,43369,43345.5,43356.5,432918
08-Feb-2022 23:27:00,44082.5,44060,44082,400773
08-Feb-2022 23:28:00,44082.5,44070,44070.5,269488
08-Feb-2022 23:29:00,44070.5,44064.5,44064.5,194241
08-Feb-2022 23:30:00,44065,44062,44062,130310
08-Feb-2022 23:31:00,44062.5,44060,44060,128279
08-Feb-2022 23:32:00,44060,44004,44004.5,2177907
08-Feb-2022 23:33:00,44004.5,43981,43981.5,878254
08-Feb-2022 23:34:00,43981.5,43907.5,43907.5,2269299
08-Feb-2022 23:35:00,44000.5,43907.5,44000,1362333
08-Feb-2022 23:36:00,44119.5,44000,44085,1147397
08-Feb-2022 23:38:00,44071,44060,44071,194160
08-Feb-2022 23:37:00,44085,44060,44060.5,638953
08-Feb-2022 23:39:00,44071,44070.5,44071,54548
08-Feb-2022 23:40:00,44071,44015,44015.5,284178
08-Feb-2022 23:41:00,44063.5,44015,44063,508593
08-Feb-2022 23:42:00,44063.5,44016.5,44016.5,688777
08-Feb-2022 23:43:00,44017,44016.5,44016.5,61418
08-Feb-2022 23:44:00,44047,44016.5,44021,322247
08-Feb-2022 23:45:00,44021.5,44015,44015.5,170774
08-Feb-2022 23:46:00,44050,44015,44035.5,359538
08-Feb-2022 23:47:00,44073,44035,44072.5,1222357
08-Feb-2022 23:48:00,44082,44072.5,44082,392717
08-Feb-2022 23:49:00,44082,44058,44058.5,144416
08-Feb-2022 23:50:00,44058.5,44025.5,44025.5,465981
08-Feb-2022 23:51:00,44025.5,43994.5,43995,750459
08-Feb-2022 23:52:00,44038,43994.5,44038,401552
08-Feb-2022 23:53:00,44100,44011,44100,664984
08-Feb-2022 23:54:00,44100,44053.5,44063,290097
08-Feb-2022 23:55:00,44063,44052,44061.5,36621
08-Feb-2022 23:56:00,44075.5,44041,44075.5,313143
08-Feb-2022 23:57:00,44109,44075,44109,555820
08-Feb-2022 23:58:00,44109,44108.5,44108.5,328028
08-Feb-2022 23:59:00,44109,44099.5,44100,72967
09-Feb-2022 00:00:00,44100,44099.5,44099.5,77198
09-Feb-2022 00:01:00,44100,44099.5,44099.5,138908
09-Feb-2022 00:02:00,44145,44099.5,44103.5,1115146
09-Feb-2022 00:03:00,44103.5,44056,44056.5,1216895
09-Feb-2022 00:04:00,44082.5,44056,44065.5,294133
09-Feb-2022 00:05:00,44065.5,44065,44065.5,60073
09-Feb-2022 00:06:00,44065.5,44065,44065.5,95822
09-Feb-2022 00:07:00,44065.5,44065,44065,5514
09-Feb-2022 00:08:00,44088,44065,44087.5,177301
09-Feb-2022 00:09:00,44115,44087.5,44115,434453
09-Feb-2022 00:10:00,44115,44094,44096,235452
09-Feb-2022 00:11:00,44096,44095.5,44096,34765
09-Feb-2022 00:12:00,44096,44082.5,44083,68716
09-Feb-2022 00:13:00,44096,44082.5,44096,149709
09-Feb-2022 00:14:00,44114.5,44095.5,44114.5,157680
09-Feb-2022 00:15:00,44137,44114,44137,794382
09-Feb-2022 00:16:00,44143,44136.5,44143,278527
09-Feb-2022 00:17:00,44167.5,44142.5,44167.5,1112128
09-Feb-2022 00:18:00,44167.5,44150.5,44150.5,113192
09-Feb-2022 00:19:00,44173,44150.5,44172.5,1061715
09-Feb-2022 00:20:00,44174,44172.5,44174,346921
09-Feb-2022 00:21:00,44174,44170,44173.5,295203
09-Feb-2022 00:22:00,44173.5,44143,44143,1661102
09-Feb-2022 00:23:00,44164.5,44143,44164,390162
09-Feb-2022 00:24:00,44175,44164,44175,545763
09-Feb-2022 00:25:00,44194,44174.5,44192,1179152
09-Feb-2022 00:26:00,44192.5,44185,44185,207600
09-Feb-2022 00:27:00,44193,44185,44193,158003
09-Feb-2022 00:28:00,44227.5,44192.5,44227.5,970352
09-Feb-2022 00:29:00,44274.5,44227.5,44274.5,1011958
09-Feb-2022 00:30:00,44310,44274,44274.5,1874329
09-Feb-2022 00:31:00,44274.5,44260,44260,642981
09-Feb-2022 00:32:00,44260.5,44213,44213.5,619096
09-Feb-2022 00:33:00,44213.5,44184,44184,349910
09-Feb-2022 00:34:00,44184.5,44179,44179,472760
09-Feb-2022 00:35:00,44213.5,44170,44170.5,1064094
09-Feb-2022 00:36:00,44188,44170,44188,167288
09-Feb-2022 00:37:00,44188,44187.5,44188,59038
09-Feb-2022 00:38:00,44188,44187.5,44188,153027
09-Feb-2022 00:39:00,44188,44187.5,44188,345633
09-Feb-2022 00:40:00,44188,44183,44183.5,96741
09-Feb-2022 00:41:00,44183.5,44166,44166,289078
09-Feb-2022 00:42:00,44166.5,44166,44166.5,154219
09-Feb-2022 00:43:00,44166.5,44166,44166.5,96711
09-Feb-2022 00:44:00,44184,44166,44184,666965
09-Feb-2022 00:45:00,44184,44165.5,44166,93610
09-Feb-2022 00:46:00,44166,44154,44154,748183
09-Feb-2022 00:47:00,44154.5,44148.5,44149,592370
09-Feb-2022 00:48:00,44149,44148.5,44149,335163
09-Feb-2022 00:49:00,44149,44148,44148,1488112
09-Feb-2022 00:50:00,44148.5,44142,44142,1372726
09-Feb-2022 00:51:00,44142,44125,44125,1423785
09-Feb-2022 00:52:00,44129.5,44125,44129.5,2186118
09-Feb-2022 00:53:00,44129.5,44120.5,44121,291345
09-Feb-2022 00:54:00,44121,44113.5,44113.5,722739
09-Feb-2022 00:55:00,44114,44113.5,44114,33031
09-Feb-2022 00:56:00,44114,44113.5,44113.5,704059
09-Feb-2022 00:57:00,44114,44110.5,44111,1178690
09-Feb-2022 00:58:00,44111,44059,44059.5,1760427
09-Feb-2022 00:59:00,44059.5,44056,44056,1967690
09-Feb-2022 01:00:00,44112.5,44056,44112.5,1639036
09-Feb-2022 01:01:00,44114.5,44060,44060,1932767
09-Feb-2022 01:02:00,44060.5,44031,44031,1619240
09-Feb-2022 01:03:00,44083.5,44031,44083.5,1262096
09-Feb-2022 01:04:00,44100,44083,44100,626108
09-Feb-2022 01:05:00,44132.5,44099.5,44128.5,2513567
09-Feb-2022 01:06:00,44128.5,44128,44128.5,362326
09-Feb-2022 01:07:00,44128.5,44114,44114.5,350898
09-Feb-2022 01:08:00,44127.5,44114,44127,255895
09-Feb-2022 01:09:00,44142,44127,44141.5,513266
09-Feb-2022 01:10:00,44142,44141.5,44142,1455384
09-Feb-2022 01:11:00,44142,44114.5,44131.5,358076
09-Feb-2022 01:12:00,44132,44100.5,44100.5,728288
09-Feb-2022 01:13:00,44107.5,44096,44107.5,305310
09-Feb-2022 01:14:00,44119,44107,44118.5,249860
09-Feb-2022 01:15:00,44125.5,44118.5,44125.5,267034
09-Feb-2022 01:16:00,44156,44125.5,44156,386584
09-Feb-2022 01:17:00,44183.5,44155.5,44178.5,547868
09-Feb-2022 01:18:00,44178.5,44178,44178.5,70748
09-Feb-2022 01:19:00,44178.5,44170.5,44171,154018
09-Feb-2022 01:20:00,44183,44170.5,44182.5,93703
09-Feb-2022 01:21:00,44192,44182.5,44192,305517
09-Feb-2022 01:22:00,44192,44165,44165.5,281493
09-Feb-2022 01:23:00,44179,44165,44178.5,236264
09-Feb-2022 01:24:00,44184.5,44178.5,44184.5,66661
09-Feb-2022 01:25:00,44184.5,44154,44154.5,387651
09-Feb-2022 01:26:00,44154.5,44101,44101.5,1524187
09-Feb-2022 01:27:00,44101.5,44030.5,44030.5,1810469
09-Feb-2022 01:28:00,44031,44015,44015,1288323
09-Feb-2022 01:29:00,44030,44011.5,44030,1012688
09-Feb-2022 01:30:00,44062.5,44029.5,44039.5,946029
09-Feb-2022 01:31:00,44039.5,44021,44021,513162
09-Feb-2022 01:32:00,44049,44021,44049,414270
09-Feb-2022 01:33:00,44060,44025,44025,348193
09-Feb-2022 01:34:00,44027,44011.5,44027,224120
09-Feb-2022 01:35:00,44027,44026.5,44026.5,324569
09-Feb-2022 01:36:00,44027,44026.5,44027,198891
09-Feb-2022 01:37:00,44027,44011.5,44011.5,482550
09-Feb-2022 01:38:00,44012,44003.5,44012,2733997
09-Feb-2022 01:39:00,44040,44011.5,44040,880026
09-Feb-2022 01:40:00,44110,44039.5,44109.5,811992
09-Feb-2022 01:41:00,44119.5,44109.5,44119.5,496136
09-Feb-2022 01:42:00,44200,44119.5,44200,1667711
09-Feb-2022 01:43:00,44228,44199.5,44228,3887359
09-Feb-2022 01:44:00,44270,44221,44270,1954229
09-Feb-2022 01:45:00,44270,44191,44191.5,1533197
09-Feb-2022 01:46:00,44250,44191,44225,1356108
09-Feb-2022 01:47:00,44225.5,44225,44225.5,118361
09-Feb-2022 01:48:00,44225.5,44225,44225.5,68523
09-Feb-2022 01:49:00,44225.5,44225,44225.5,149200
09-Feb-2022 01:50:00,44250,44225,44249.5,236012
09-Feb-2022 01:51:00,44300,44249.5,44300,1188802
09-Feb-2022 01:52:00,44342,44282.5,44285,2370051
09-Feb-2022 01:53:00,44287,44284.5,44286.5,264515
09-Feb-2022 01:54:00,44287,44267,44267.5,1474548
09-Feb-2022 01:55:00,44267.5,44211,44211,1300751
09-Feb-2022 01:56:00,44211.5,44211,44211,334571
09-Feb-2022 01:57:00,44278,44211,44262,922128
09-Feb-2022 01:58:00,44278,44262,44278,64961
09-Feb-2022 01:59:00,44278,44277.5,44277.5,79216
09-Feb-2022 02:01:00,44229.5,44201,44205.5,539344
09-Feb-2022 02:00:00,44278,44216.5,44229.5,1131755
09-Feb-2022 02:02:00,44206,44205.5,44205.5,52625
09-Feb-2022 02:03:00,44206,44200,44200,432283
09-Feb-2022 02:04:00,44200.5,44189.5,44189.5,742815
09-Feb-2022 02:05:00,44225,44189.5,44225,990387
09-Feb-2022 02:06:00,44225,44209.5,44210,59966
09-Feb-2022 02:07:00,44210,44209.5,44209.5,24138
09-Feb-2022 02:08:00,44210,44145,44145,1435139
09-Feb-2022 02:09:00,44160,44145,44159.5,361582
09-Feb-2022 02:10:00,44160,44130,44149.5,475428
09-Feb-2022 02:11:00,44155,44149.5,44155,161126
09-Feb-2022 02:12:00,44177.5,44154.5,44169.5,79661
09-Feb-2022 02:13:00,44169.5,44169,44169.5,273496
09-Feb-2022 02:14:00,44169.5,44152.5,44152.5,54708
09-Feb-2022 02:15:00,44153,44123.5,44123.5,300495
09-Feb-2022 02:16:00,44124,44116.5,44117,304572
09-Feb-2022 02:17:00,44117,44075.5,44075.5,1318703
09-Feb-2022 02:18:00,44076,44075.5,44076,1191685
09-Feb-2022 02:19:00,44076,44043,44043.5,773927
09-Feb-2022 02:20:00,44056.5,44043,44056,752122
09-Feb-2022 02:21:00,44076,44056,44076,277215
09-Feb-2022 02:22:00,44076,44065.5,44066,82432
09-Feb-2022 02:23:00,44066,44056,44057,150886
09-Feb-2022 02:24:00,44057,44032.5,44032.5,365165
09-Feb-2022 02:25:00,44057,44032.5,44056.5,2493937
09-Feb-2022 02:26:00,44057,44056.5,44057,239401
09-Feb-2022 02:27:00,44057,44056.5,44057,80371
09-Feb-2022 02:28:00,44076,44056.5,44076,530860
09-Feb-2022 02:29:00,44076,44071.5,44072,441146
09-Feb-2022 02:30:00,44076,44071.5,44076,521422
09-Feb-2022 02:31:00,44097.5,44056.5,44097.5,1054749
09-Feb-2022 02:32:00,44150,44097,44139,1725393
09-Feb-2022 02:33:00,44139,44130.5,44130.5,137845
09-Feb-2022 02:34:00,44131,44097.5,44098,306938
09-Feb-2022 02:35:00,44098,44050,44050.5,134483
09-Feb-2022 02:36:00,44050.5,43954.5,43974,5452840
09-Feb-2022 02:37:00,44024.5,43957,44023.5,1134238
09-Feb-2022 02:38:00,44067.5,44023.5,44036.5,1111951
09-Feb-2022 02:39:00,44074.5,44025,44074.5,612169
09-Feb-2022 02:40:00,44114,44074.5,44114,330552
09-Feb-2022 02:41:00,44130,44113.5,44130,151472
09-Feb-2022 02:42:00,44130,44100.5,44115,436545
09-Feb-2022 02:43:00,44120,44060,44060.5,865284
09-Feb-2022 02:44:00,44072.5,44051,44051,158985
09-Feb-2022 02:45:00,44051.5,44013,44013,94448
09-Feb-2022 02:46:00,44021,44013,44021,644956
08-Feb-2022 20:06:00,43050.5,43050,43050.5,55251
08-Feb-2022 20:07:00,43093.5,43050,43093,558369
08-Feb-2022 20:08:00,43124.5,43093,43121,1705489
08-Feb-2022 20:09:00,43121,43060.5,43061,329135
08-Feb-2022 20:10:00,43061,43028.5,43029,482918
08-Feb-2022 20:11:00,43065.5,43029,43065.5,454808
08-Feb-2022 20:12:00,43065.5,43065,43065,37087
08-Feb-2022 20:13:00,43077,43050,43075.5,314399
08-Feb-2022 20:14:00,43075.5,43075,43075.5,208652
08-Feb-2022 20:15:00,43076,43075,43076,136948
08-Feb-2022 20:16:00,43076,43036.5,43036.5,238619
08-Feb-2022 20:17:00,43068.5,43036.5,43068,195869
08-Feb-2022 20:18:00,43078,43068,43077.5,148272
08-Feb-2022 20:19:00,43145,43077.5,43144.5,877696
08-Feb-2022 20:20:00,43145,43129,43136.5,283146
08-Feb-2022 20:21:00,43136.5,43090,43090.5,319497
08-Feb-2022 20:22:00,43090.5,42960.5,42961,1050332
08-Feb-2022 20:23:00,42961,42916,42940,1886274
08-Feb-2022 20:24:00,42940,42894.5,42894.5,895485
08-Feb-2022 20:25:00,42907,42869,42890.5,980674
08-Feb-2022 20:26:00,42890.5,42775,42780.5,2847924
08-Feb-2022 20:27:00,42802,42761,42793.5,3031430
08-Feb-2022 20:28:00,42802,42772,42772.5,714327
08-Feb-2022 20:29:00,42783,42736,42752.5,2084756
08-Feb-2022 20:30:00,42878,42736,42878,4990187
08-Feb-2022 20:31:00,42888,42825,42888,899437
08-Feb-2022 20:32:00,42942,42887.5,42918.5,2695020
08-Feb-2022 20:33:00,42970,42900,42966,369400
08-Feb-2022 20:34:00,42972,42951.5,42971.5,245108
08-Feb-2022 20:35:00,43062,42971.5,43061,1503416
08-Feb-2022 20:36:00,43074.5,43014,43034,1356404
08-Feb-2022 20:37:00,43046,42992.5,42992.5,1936052
08-Feb-2022 20:38:00,42992.5,42955,42955,173178
08-Feb-2022 20:39:00,42955.5,42878,42878.5,943499
08-Feb-2022 20:40:00,42898,42854,42898,521674
08-Feb-2022 20:41:00,42898,42871.5,42871.5,1376819
08-Feb-2022 20:42:00,42872,42855,42855,170644
08-Feb-2022 20:43:00,42855,42835,42838.5,474285
08-Feb-2022 20:44:00,42897.5,42838,42897.5,598632
08-Feb-2022 20:45:00,42943.5,42897.5,42936.5,1213686
08-Feb-2022 20:46:00,42936.5,42890,42890.5,237089
08-Feb-2022 20:47:00,42890.5,42835,42835.5,363878
08-Feb-2022 20:48:00,42835.5,42816,42835,178691
08-Feb-2022 20:49:00,42900,42834.5,42900,340869
08-Feb-2022 20:50:00,43014.5,42890,42990.5,1590839
08-Feb-2022 20:51:00,43021,42990,43000.5,545408
08-Feb-2022 20:52:00,43024.5,42994,43016,755645
08-Feb-2022 20:53:00,43016.5,42985,42985,92875
08-Feb-2022 20:54:00,43050,42985,43031.5,366323
08-Feb-2022 20:55:00,43037,43017.5,43023,826784
08-Feb-2022 20:56:00,43054.5,43016.5,43054.5,1226790
08-Feb-2022 20:57:00,43054.5,43026,43026,629346
08-Feb-2022 20:58:00,43026.5,43026,43026.5,235818
08-Feb-2022 20:59:00,43050,43026,43036,421529
08-Feb-2022 21:00:00,43036,42976.5,42976.5,830459
08-Feb-2022 21:01:00,43026,42976.5,43026,393223
08-Feb-2022 21:02:00,43046.5,43025.5,43026,433461
08-Feb-2022 21:03:00,43072,43025.5,43071.5,422234
08-Feb-2022 21:04:00,43101.5,43071.5,43084,2836355
08-Feb-2022 21:05:00,43084,43069,43074,919118
08-Feb-2022 21:06:00,43088,43069,43087.5,814161
08-Feb-2022 21:08:00,43118.5,43100,43118,1193638
08-Feb-2022 21:07:00,43113,43087.5,43113,877457
08-Feb-2022 21:09:00,43171.5,43118,43171,1539868
08-Feb-2022 21:10:00,43200,43170,43190,2612192
08-Feb-2022 21:11:00,43190.5,43187,43187,620350
08-Feb-2022 21:12:00,43188,43187,43187.5,277846
08-Feb-2022 21:13:00,43227.5,43187.5,43227.5,361005
08-Feb-2022 21:14:00,43300,43227.5,43299.5,2809669
08-Feb-2022 21:15:00,43366,43299.5,43355.5,4090539
08-Feb-2022 21:16:00,43356,43278.5,43279,1621717
08-Feb-2022 21:17:00,43287,43258.5,43279,602565
08-Feb-2022 21:18:00,43334.5,43279,43334.5,455972
08-Feb-2022 21:19:00,43334.5,43311.5,43316,1106922
08-Feb-2022 21:20:00,43356,43300,43328.5,1222254
08-Feb-2022 21:21:00,43340,43300,43335,1481687
08-Feb-2022 21:22:00,43371.5,43335,43355.5,445686
08-Feb-2022 21:23:00,43362,43325,43351,1480551
08-Feb-2022 21:24:00,43351,43337.5,43337.5,209606
08-Feb-2022 21:25:00,43338,43291,43311.5,657156
08-Feb-2022 21:26:00,43442,43311,43441.5,4194811
08-Feb-2022 21:27:00,43475,43424,43465,2669022
08-Feb-2022 21:28:00,43478,43455,43477.5,2340345
08-Feb-2022 21:29:00,43638.5,43477.5,43638.5,6636339
08-Feb-2022 21:30:00,43726,43585.5,43713,4993724
08-Feb-2022 21:31:00,43890.5,43713,43873.5,9238715
08-Feb-2022 21:32:00,43955,43848,43928,7130740
08-Feb-2022 21:33:00,43989,43900,43988.5,3211826
08-Feb-2022 21:34:00,44012,43907.5,43909,5944439
08-Feb-2022 21:35:00,43989,43890.5,43932,2770358
08-Feb-2022 21:36:00,43932,43891,43891.5,2398424
08-Feb-2022 21:37:00,43993,43891,43993,1354378
08-Feb-2022 21:38:00,44102,43992.5,44013,6702143
08-Feb-2022 21:39:00,44130,44012.5,44046.5,3517435
08-Feb-2022 21:40:00,44122.5,44046,44122.5,927407
08-Feb-2022 21:41:00,44122.5,44051,44088,2288635
08-Feb-2022 21:42:00,44088.5,44050,44082,3644900
08-Feb-2022 21:43:00,44090,44071.5,44071.5,1040849
08-Feb-2022 21:44:00,44090,44022.5,44050.5,1766645
08-Feb-2022 21:45:00,44050.5,43961,43975,3306532
08-Feb-2022 21:46:00,44038,43974.5,44038,839026
08-Feb-2022 21:47:00,44038,44031,44036,953186
08-Feb-2022 21:48:00,44211.5,44035.5,44211.5,5483279
08-Feb-2022 21:49:00,44350,44179,44330.5,7779787
08-Feb-2022 21:50:00,44330.5,44181,44181.5,5239686
08-Feb-2022 21:51:00,44200,44181,44200,645254
08-Feb-2022 21:52:00,44296,44164,44296,3078369
08-Feb-2022 21:53:00,44296,44259,44270.5,575670
08-Feb-2022 21:54:00,44285.5,44195.5,44271.5,1841254
08-Feb-2022 21:55:00,44271.5,44187.5,44188,650358
08-Feb-2022 21:56:00,44215.5,44172,44215.5,4042724
08-Feb-2022 21:57:00,44237,44215,44237,629544
08-Feb-2022 21:58:00,44268.5,44220.5,44233,463634
08-Feb-2022 21:59:00,44285.5,44232.5,44285.5,1442266
08-Feb-2022 22:00:00,44285.5,44214,44224.5,2424873
08-Feb-2022 22:01:00,44300,44224.5,44287,1522844
08-Feb-2022 22:02:00,44395,44265.5,44386.5,3199487
08-Feb-2022 22:03:00,44400,44311,44333.5,4190680
08-Feb-2022 22:04:00,44334,44250,44250,3925304
08-Feb-2022 22:05:00,44268,44164,44164,1455683
08-Feb-2022 22:06:00,44214,44159,44169.5,1438094
08-Feb-2022 22:07:00,44195.5,44156,44166,1122743
08-Feb-2022 22:08:00,44173,44109,44110,2686986
08-Feb-2022 22:09:00,44146.5,44109.5,44115,2273522
08-Feb-2022 22:10:00,44131.5,43949.5,44072.5,7486805
08-Feb-2022 22:12:00,44028.5,43998,43998.5,1950433
08-Feb-2022 22:11:00,44073,44013,44013,892321
08-Feb-2022 22:13:00,43998.5,43939.5,43984.5,2387599
08-Feb-2022 22:14:00,43985,43978,43978,641296
08-Feb-2022 22:15:00,44064,43975.5,44049.5,2641971
08-Feb-2022 22:16:00,44049.5,44022.5,44023,647568
08-Feb-2022 22:17:00,44023,43980.5,43986.5,499213
08-Feb-2022 22:18:00,44035,43986,44035,524263
08-Feb-2022 22:19:00,44111,44034.5,44110.5,1551286
08-Feb-2022 22:20:00,44111,44110.5,44110.5,467143
08-Feb-2022 22:21:00,44145,44110.5,44145,844806
08-Feb-2022 22:22:00,44190,44144,44144,879613
08-Feb-2022 22:23:00,44144.5,44123.5,44136.5,907095
08-Feb-2022 22:24:00,44166.5,44136.5,44166.5,294507
08-Feb-2022 22:25:00,44166.5,44149,44149,322617
08-Feb-2022 22:26:00,44149.5,44112,44135,440524
08-Feb-2022 22:27:00,44174,44134,44134,297208
08-Feb-2022 22:28:00,44134.5,44000,44000,2015101
08-Feb-2022 22:29:00,44108,44000,44108,1283784
08-Feb-2022 22:30:00,44176,44050,44176,938246
08-Feb-2022 22:31:00,44244.5,44176,44244.5,1885906
08-Feb-2022 22:32:00,44275,44244,44267.5,1219094
08-Feb-2022 22:33:00,44332,44267.5,44302.5,2503332
08-Feb-2022 22:34:00,44327.5,44302,44317.5,1177574
08-Feb-2022 22:35:00,44318,44214,44238,946401
08-Feb-2022 22:36:00,44240.5,44177,44191,958813
08-Feb-2022 22:37:00,44200,44174,44174,471687
08-Feb-2022 22:38:00,44233,44174,44233,786654
08-Feb-2022 22:39:00,44270,44228,44269.5,412443
08-Feb-2022 22:40:00,44274.5,44215.5,44274,548057
08-Feb-2022 22:41:00,44325,44266.5,44325,1731995
08-Feb-2022 22:42:00,44325,44322,44322,347377
08-Feb-2022 22:43:00,44322.5,44315,44316.5,734977
08-Feb-2022 22:44:00,44362.5,44316.5,44350.5,6782461
08-Feb-2022 22:45:00,44350.5,44269,44289.5,1865374
08-Feb-2022 22:46:00,44290,44289.5,44290,254038
08-Feb-2022 22:47:00,44290,44258,44258,244504
08-Feb-2022 22:48:00,44258.5,44181.5,44200,1430185
08-Feb-2022 22:49:00,44227,44200,44225.5,496288
08-Feb-2022 22:50:00,44225.5,44200,44209.5,298695
08-Feb-2022 22:51:00,44234,44209.5,44229.5,490096
08-Feb-2022 22:52:00,44229.5,44210,44210.5,261838
08-Feb-2022 22:53:00,44210.5,44200,44200.5,86536
08-Feb-2022 22:54:00,44260.5,44200,44250,1427879
08-Feb-2022 22:55:00,44250.5,44239,44239,126865
08-Feb-2022 22:56:00,44292.5,44239,44292.5,842193
08-Feb-2022 22:57:00,44292.5,44280.5,44281,112674
08-Feb-2022 22:58:00,44281,44228,44228,398404
08-Feb-2022 22:59:00,44238,44212.5,44212.5,363042
08-Feb-2022 23:00:00,44249,44212.5,44249,878955
08-Feb-2022 23:01:00,44249,44248.5,44249,150781
08-Feb-2022 23:02:00,44254.5,44248.5,44254,570046
08-Feb-2022 23:03:00,44265.5,44243,44243.5,671497
08-Feb-2022 23:04:00,44243.5,44159.5,44160,945552
08-Feb-2022 23:05:00,44171.5,44159.5,44171.5,338536
08-Feb-2022 23:06:00,44192,44171.5,44191.5,309744
08-Feb-2022 23:07:00,44230.5,44191.5,44230,282025
08-Feb-2022 23:08:00,44230.5,44230,44230.5,1149968
08-Feb-2022 23:09:00,44230.5,44230,44230,93321
08-Feb-2022 23:10:00,44230.5,44214,44214,1018881
08-Feb-2022 23:11:00,44214.5,44214,44214,401708
08-Feb-2022 23:12:00,44240,44214,44240,532977
08-Feb-2022 23:13:00,44240,44105,44118.5,2821815
08-Feb-2022 23:14:00,44119,44074,44080.5,2399108
08-Feb-2022 23:15:00,44115,44044,44063.5,1022639
08-Feb-2022 23:16:00,44082.5,44063,44066.5,198126
08-Feb-2022 23:17:00,44066.5,44058,44058,407452
08-Feb-2022 23:18:00,44106,44050,44106,861861
08-Feb-2022 23:19:00,44106,44085.5,44086,296728
08-Feb-2022 23:20:00,44106,44085,44105.5,601123
08-Feb-2022 23:21:00,44106,44105.5,44106,177235
08-Feb-2022 23:22:00,44106,44100,44100,461047
08-Feb-2022 23:23:00,44106,44100,44105.5,256260
08-Feb-2022 23:24:00,44106,44098,44098,76524
08-Feb-2022 23:25:00,44098.5,44098,44098,80904
08-Feb-2022 16:45:00,43390,43274,43380.5,4021973
08-Feb-2022 16:46:00,43461,43370,43426,2993764
08-Feb-2022 16:47:00,43460,43401.5,43460,916047
08-Feb-2022 16:48:00,43460,43406.5,43406.5,1337341
08-Feb-2022 16:49:00,43407,43373,43373,368207
08-Feb-2022 16:50:00,43407,43362.5,43407,633163
08-Feb-2022 16:51:00,43430,43406.5,43425.5,839197
08-Feb-2022 16:52:00,43430,43393,43430,737007
08-Feb-2022 16:53:00,43491,43429.5,43491,1652475
08-Feb-2022 16:54:00,43492,43455,43455,1357834
08-Feb-2022 16:55:00,43469.5,43421.5,43469.5,1659009
08-Feb-2022 16:56:00,43482.5,43451,43478,264293
08-Feb-2022 16:57:00,43478,43477.5,43478,294813
08-Feb-2022 16:58:00,43486,43477.5,43486,755132
08-Feb-2022 16:59:00,43488,43477.5,43478,1183591
08-Feb-2022 17:00:00,43562,43477.5,43561.5,4744077
08-Feb-2022 17:01:00,43562,43479.5,43509.5,1875336
08-Feb-2022 17:02:00,43510,43479.5,43494,576664
08-Feb-2022 17:03:00,43510,43470,43470,1399425
08-Feb-2022 17:04:00,43470.5,43366,43386,1230828
08-Feb-2022 17:05:00,43429,43386,43390.5,486657
08-Feb-2022 17:06:00,43390.5,43355,43355.5,884559
08-Feb-2022 17:07:00,43355.5,43350,43350.5,192610
08-Feb-2022 17:08:00,43367,43337,43367,770427
08-Feb-2022 17:09:00,43400,43366.5,43399.5,743740
08-Feb-2022 17:10:00,43422,43399.5,43421.5,220081
08-Feb-2022 17:11:00,43447.5,43399,43399,361250
08-Feb-2022 17:12:00,43399.5,43367,43367,169085
08-Feb-2022 17:13:00,43471,43367,43471,792209
08-Feb-2022 17:14:00,43492,43437.5,43490,1097659
08-Feb-2022 17:15:00,43543,43464.5,43464.5,873956
08-Feb-2022 17:16:00,43595,43464.5,43594.5,4842761
08-Feb-2022 17:17:00,43597,43570,43595.5,1398289
08-Feb-2022 17:18:00,43608,43581,43592.5,1084496
08-Feb-2022 17:19:00,43593,43592.5,43592.5,994723
08-Feb-2022 17:20:00,43598.5,43550,43592,520832
08-Feb-2022 17:21:00,43592.5,43547,43547,795370
08-Feb-2022 17:22:00,43547.5,43500,43523.5,408318
08-Feb-2022 17:23:00,43560.5,43523.5,43545.5,1108218
08-Feb-2022 17:24:00,43607.5,43545.5,43602.5,1865342
08-Feb-2022 17:25:00,43603,43576.5,43577,552868
08-Feb-2022 17:26:00,43577,43565.5,43577,289644
08-Feb-2022 17:27:00,43593,43576.5,43593,72239
08-Feb-2022 17:28:00,43608,43570,43608,771436
08-Feb-2022 17:29:00,43608,43594.5,43605.5,479435
08-Feb-2022 17:30:00,43679.5,43605,43675,2891082
08-Feb-2022 17:31:00,43675,43641,43652.5,798139
08-Feb-2022 17:32:00,43652.5,43640,43640,1196556
08-Feb-2022 17:33:00,43700,43640,43651,2886040
08-Feb-2022 17:34:00,43651.5,43647.5,43648,329644
08-Feb-2022 17:35:00,43648,43586,43591,477593
08-Feb-2022 17:36:00,43601,43579.5,43601,228158
08-Feb-2022 17:37:00,43641,43600.5,43616.5,317736
08-Feb-2022 17:38:00,43627.5,43592.5,43592.5,424750
08-Feb-2022 17:39:00,43593,43592.5,43592.5,48437
08-Feb-2022 17:40:00,43600,43592.5,43593,189037
08-Feb-2022 17:41:00,43593,43592.5,43592.5,37599
08-Feb-2022 17:42:00,43593,43526.5,43526.5,1019669
08-Feb-2022 17:43:00,43547,43488,43488,989851
08-Feb-2022 17:44:00,43529,43481,43515.5,3915298
08-Feb-2022 17:45:00,43526.5,43495.5,43526,454244
08-Feb-2022 17:46:00,43530,43504,43528.5,1255420
08-Feb-2022 17:47:00,43558,43528.5,43542.5,243368
08-Feb-2022 17:48:00,43542.5,43383.5,43399.5,2822451
08-Feb-2022 17:49:00,43400,43169,43235.5,11367053
08-Feb-2022 17:50:00,43250,43200,43244.5,1476735
08-Feb-2022 17:51:00,43244.5,43075,43101,5998478
08-Feb-2022 17:52:00,43146.5,43082,43106,1892853
08-Feb-2022 17:53:00,43106,43075,43075.5,2473969
08-Feb-2022 17:54:00,43075.5,43047,43063,3730922
08-Feb-2022 17:55:00,43063.5,43063,43063,974216
08-Feb-2022 17:56:00,43063.5,43006,43006.5,3412482
08-Feb-2022 17:57:00,43007.5,42933,43007.5,7017112
08-Feb-2022 17:58:00,43075.5,43007,43035.5,3295413
08-Feb-2022 17:59:00,43043,42985,43030,2295265
08-Feb-2022 18:00:00,43198,43030,43163.5,8055944
08-Feb-2022 18:01:00,43211.5,43104,43112,3831541
08-Feb-2022 18:02:00,43131.5,43087.5,43087.5,339402
08-Feb-2022 18:03:00,43107,43082.5,43083,465423
08-Feb-2022 18:04:00,43100.5,42958,42967.5,4054022
08-Feb-2022 18:05:00,42968,42910,42910,5929564
08-Feb-2022 18:06:00,42948,42910,42939.5,1474964
08-Feb-2022 18:07:00,42975.5,42917,42943,1248741
08-Feb-2022 18:08:00,42943,42908.5,42912,2247993
08-Feb-2022 18:09:00,42987.5,42911.5,42946.5,1738397
08-Feb-2022 18:10:00,43064.5,42946.5,43064.5,4759839
08-Feb-2022 18:11:00,43068,43064,43068,1188506
08-Feb-2022 18:12:00,43068,43000,43000.5,2319276
08-Feb-2022 18:13:00,43009,42962,43009,1369705
08-Feb-2022 18:14:00,43034,42982.5,43006,702231
08-Feb-2022 18:15:00,43064.5,42986.5,43064,2987131
08-Feb-2022 18:16:00,43101,43064,43101,1066590
08-Feb-2022 18:17:00,43101,43070,43080,498859
08-Feb-2022 18:18:00,43108.5,43054.5,43095,443936
08-Feb-2022 18:19:00,43165,43095,43120.5,1512101
08-Feb-2022 18:20:00,43128,43070,43086.5,1023039
08-Feb-2022 18:21:00,43094,43079,43081,522140
08-Feb-2022 18:22:00,43081,43080.5,43080.5,312291
08-Feb-2022 18:23:00,43081,43054,43054.5,994726
08-Feb-2022 18:24:00,43080,43054,43073,416966
08-Feb-2022 18:25:00,43109.5,43010,43010.5,1094951
08-Feb-2022 18:26:00,43034,43010,43010,467104
08-Feb-2022 18:27:00,43010.5,42927,42942,2771086
08-Feb-2022 18:28:00,42971,42900,42900,4231180
08-Feb-2022 18:29:00,42909.5,42725.5,42889,20601912
08-Feb-2022 18:30:00,42959,42825,42949,3380467
08-Feb-2022 18:31:00,43003.5,42949,42961,5135412
08-Feb-2022 18:32:00,42961,42907.5,42949.5,474375
08-Feb-2022 18:33:00,42950,42900,42900.5,935330
08-Feb-2022 18:34:00,42900.5,42703.5,42768.5,13443126
08-Feb-2022 18:35:00,42769,42703.5,42732,4528679
08-Feb-2022 18:36:00,42815.5,42719.5,42815.5,2621844
08-Feb-2022 18:37:00,42897,42815,42893,2124278
08-Feb-2022 18:38:00,42975,42862.5,42862.5,3069582
08-Feb-2022 18:39:00,42906,42861,42900,1271991
08-Feb-2022 18:40:00,42996,42885,42996,2038278
08-Feb-2022 18:41:00,43000,42965,42992.5,463936
08-Feb-2022 18:42:00,42993,42911,42911,687018
08-Feb-2022 18:43:00,42911.5,42879,42879.5,245834
08-Feb-2022 18:44:00,42890,42863,42889.5,496185
08-Feb-2022 18:45:00,42984,42889.5,42958,955716
08-Feb-2022 18:46:00,42958.5,42933,42949.5,939277
08-Feb-2022 18:47:00,42955,42926,42926.5,1075973
08-Feb-2022 18:48:00,42926.5,42893.5,42893.5,375959
08-Feb-2022 18:49:00,42894,42857,42893.5,369573
08-Feb-2022 18:50:00,42980,42893.5,42966.5,768499
08-Feb-2022 18:51:00,42996,42966,42996,920140
08-Feb-2022 18:52:00,43088,42995.5,43067,2201306
08-Feb-2022 18:53:00,43067.5,42987,43011.5,1643165
08-Feb-2022 18:54:00,43011.5,42969,42989.5,206544
08-Feb-2022 18:55:00,43011.5,42984,43011.5,378547
08-Feb-2022 18:56:00,43011.5,43011,43011,87712
08-Feb-2022 18:57:00,43033,42988,42988.5,981738
08-Feb-2022 18:58:00,42988.5,42947.5,42968,133109
08-Feb-2022 18:59:00,42988.5,42942.5,42982.5,133458
08-Feb-2022 19:00:00,42982.5,42978,42978.5,375114
08-Feb-2022 19:01:00,42978.5,42956,42956.5,112816
08-Feb-2022 19:02:00,42965.5,42943.5,42965,1188541
08-Feb-2022 19:03:00,42968,42948,42955.5,91061
08-Feb-2022 19:04:00,42989.5,42955.5,42989.5,308018
08-Feb-2022 19:05:00,43024,42989.5,43024,303915
08-Feb-2022 19:06:00,43028.5,42976,43028,377721
08-Feb-2022 19:07:00,43033.5,43021.5,43022,219785
08-Feb-2022 19:08:00,43030,43021.5,43030,113058
08-Feb-2022 19:09:00,43030,42994.5,43015.5,635961
08-Feb-2022 19:10:00,43033.5,43015,43030,1224562
08-Feb-2022 19:11:00,43071.5,43030,43071.5,2049891
08-Feb-2022 19:12:00,43104,43071,43089,2067859
08-Feb-2022 19:13:00,43120,43089,43119.5,1791598
08-Feb-2022 19:14:00,43133,43119.5,43132.5,1388680
08-Feb-2022 19:15:00,43138,43132.5,43134.5,521512
08-Feb-2022 19:16:00,43134.5,43074.5,43075,784391
08-Feb-2022 19:17:00,43093,43074.5,43093,138173
08-Feb-2022 19:18:00,43125,43084.5,43124.5,1210802
08-Feb-2022 19:19:00,43161.5,43124.5,43149,766330
08-Feb-2022 19:20:00,43151.5,43133,43151.5,495222
08-Feb-2022 19:21:00,43192,43151.5,43156,884475
08-Feb-2022 19:22:00,43156,43155,43155,459187
08-Feb-2022 19:23:00,43155.5,43136,43136,416842
08-Feb-2022 19:24:00,43136.5,43112.5,43118.5,602900
08-Feb-2022 19:25:00,43118.5,43105,43105.5,197081
08-Feb-2022 19:26:00,43108,43100,43107.5,406449
08-Feb-2022 19:27:00,43135,43107.5,43131.5,216617
08-Feb-2022 19:28:00,43175.5,43131.5,43175,497474
08-Feb-2022 19:29:00,43179.5,43160,43160,859081
08-Feb-2022 19:30:00,43210,43160,43179.5,1840597
08-Feb-2022 19:31:00,43227,43179.5,43227,2008119
08-Feb-2022 19:32:00,43247.5,43226.5,43247,451746
08-Feb-2022 19:33:00,43272.5,43226.5,43226.5,1819288
08-Feb-2022 19:34:00,43227,43193.5,43198.5,538751
08-Feb-2022 19:35:00,43254.5,43198.5,43254,702820
08-Feb-2022 19:36:00,43260,43236,43236.5,1936600
08-Feb-2022 19:37:00,43243.5,43223,43243.5,265955
08-Feb-2022 19:38:00,43245,43195,43195,466454
08-Feb-2022 19:39:00,43195.5,43102,43115.5,2775865
08-Feb-2022 19:40:00,43146.5,43115.5,43146.5,773208
08-Feb-2022 19:41:00,43146.5,43106.5,43112,1145248
08-Feb-2022 19:42:00,43141,43112,43121,200478
08-Feb-2022 19:43:00,43121.5,43076,43085.5,1362389
08-Feb-2022 19:44:00,43086,43085.5,43085.5,227640
08-Feb-2022 19:45:00,43086,43063.5,43063.5,711194
08-Feb-2022 19:46:00,43112,43063.5,43112,1121099
08-Feb-2022 19:47:00,43121.5,43103,43121.5,396884
08-Feb-2022 19:48:00,43121.5,43121,43121,213304
08-Feb-2022 19:49:00,43121.5,43098.5,43099.5,119774
08-Feb-2022 19:50:00,43100,43063.5,43063.5,1743148
08-Feb-2022 19:51:00,43084.5,43021,43021,2077113
08-Feb-2022 19:52:00,43021.5,42948,42948.5,1645177
08-Feb-2022 19:53:00,42984.5,42900,42924.5,2844094
08-Feb-2022 19:54:00,42924.5,42893,42914.5,2447466
08-Feb-2022 19:55:00,42979.5,42914.5,42943,822112
08-Feb-2022 19:56:00,42943,42930.5,42940.5,536525
08-Feb-2022 19:57:00,42975,42940.5,42975,168317
08-Feb-2022 19:58:00,43014.5,42974.5,42979.5,445074
08-Feb-2022 19:59:00,42999,42979.5,42987.5,464238
08-Feb-2022 20:00:00,42988,42943.5,42944,1173382
08-Feb-2022 20:01:00,42944,42930,42930.5,598267
08-Feb-2022 20:02:00,42945,42930,42945,978032
08-Feb-2022 20:03:00,42950,42943,42949.5,291571
08-Feb-2022 20:04:00,43018,42949.5,43017.5,1007490
